"assignment_rate","attack_rate","regression_a","regression_b","xml_records","csv_records","csv_assigned_records"
0.780237793038599,0.0626665561158355,-5.36933714716757e-05,86547.4398539915,2071657,2071657,1712636
